<?xml version="1.0" encoding="UTF-8"?>
<Employee>
<Employee><Name>Alice</Name> <Id>1004.0</Id> <Role>Accountant</Role> <Department>Accounts</Department> <Date of Joining>2014/04/04 00:00:00.000</Date of Joining> <Basic>15000.0</Basic> <ToatlTime>185.0</ToatlTime> <Allowance/Hour>300.0</Allowance/Hour> <TotaoSalary>55500.0</TotaoSalary></Employee>
<Employee><Name>Mark</Name> <Id>1001.0</Id> <Role>Developer</Role> <Department>Development</Department> <Date of Joining>2010/01/01 00:00:00.000</Date of Joining> <Basic>25000.0</Basic> <ToatlTime>187.0</ToatlTime> <Allowance/Hour>500.0</Allowance/Hour> <TotaoSalary>93500.0</TotaoSalary></Employee>
<Employee><Name>John D</Name> <Id>1003.0</Id> <Role>Developer</Role> <Department>Development</Department> <Date of Joining>2013/03/03 00:00:00.000</Date of Joining> <Basic>27000.0</Basic> <ToatlTime>182.0</ToatlTime> <Allowance/Hour>500.0</Allowance/Hour> <TotaoSalary>91000.0</TotaoSalary></Employee>
<Employee><Name>Emily</Name> <Id>1007.0</Id> <Role>Developer</Role> <Department>Development</Department> <Date of Joining>2011/10/12 00:00:00.000</Date of Joining> <Basic>26000.0</Basic> <ToatlTime>181.0</ToatlTime> <Allowance/Hour>500.0</Allowance/Hour> <TotaoSalary>90500.0</TotaoSalary></Employee>
<Employee><Name>Erik</Name> <Id>1008.0</Id> <Role>Developer</Role> <Department>Development</Department> <Date of Joining>2013/05/13 00:00:00.000</Date of Joining> <Basic>26000.0</Basic> <ToatlTime>185.0</ToatlTime> <Allowance/Hour>500.0</Allowance/Hour> <TotaoSalary>92500.0</TotaoSalary></Employee>
<Employee><Name>Sansa</Name> <Id>1006.0</Id> <Role>Project Lead</Role> <Department>Development</Department> <Date of Joining>2010/01/10 00:00:00.000</Date of Joining> <Basic>30000.0</Basic> <ToatlTime>189.0</ToatlTime> <Allowance/Hour>700.0</Allowance/Hour> <TotaoSalary>132300.0</TotaoSalary></Employee>
<Employee><Name>Henry</Name> <Id>1002.0</Id> <Role>Tester</Role> <Department>Testing</Department> <Date of Joining>2011/02/02 00:00:00.000</Date of Joining> <Basic>20000.0</Basic> <ToatlTime>183.0</ToatlTime> <Allowance/Hour>400.0</Allowance/Hour> <TotaoSalary>73200.0</TotaoSalary></Employee>
<Employee><Name>Arya</Name> <Id>1005.0</Id> <Role>Tester</Role> <Department>Testing</Department> <Date of Joining>2015/05/05 00:00:00.000</Date of Joining> <Basic>20000.0</Basic> <ToatlTime>190.0</ToatlTime> <Allowance/Hour>400.0</Allowance/Hour> <TotaoSalary>76000.0</TotaoSalary></Employee>
<Employee><Name>Rose</Name> <Id>1009.0</Id> <Role>Tester</Role> <Department>Testing</Department> <Date of Joining>2012/11/04 00:00:00.000</Date of Joining> <Basic>15000.0</Basic> <ToatlTime>188.0</ToatlTime> <Allowance/Hour>400.0</Allowance/Hour> <TotaoSalary>75200.0</TotaoSalary></Employee>
<Employee><Name>Michale</Name> <Id>1010.0</Id> <Role>Tester</Role> <Department>Testing</Department> <Date of Joining>2015/09/06 00:00:00.000</Date of Joining> <Basic>18000.0</Basic> <ToatlTime>187.0</ToatlTime> <Allowance/Hour>400.0</Allowance/Hour> <TotaoSalary>74800.0</TotaoSalary></Employee>
</Employee>
