EmployeeId;EmpName;RouteName;Bus_Cab;NoOfMonthServiceUtilized;Monthly Charge($);TotalBill
A1;Henry Joshua;Michigan Street;Cab;2.0;200.0;400.0
A2;Alex Doe;Park Street ;Cab;3.0;200.0;600.0
A3;Patrick Adama;Silver Canone Way;Bus;2.0;100.0;200.0
A4;Monica Gellar;Golden Trout Way;Bus;1.0;100.0;100.0
A5;Wiiliam Bing;Melody Drive;Bus;2.0;100.0;200.0
A6;Dule Hill;Michigan Street;Cab;4.0;200.0;800.0
A7;Adam Braverman;Park Street ;Cab;5.0;200.0;1000.0
A8;Michel Dsouza;Silver Canone Way;Bus;3.0;100.0;300.0
A9;Rick Hoffman;Michigan Street;Cab;3.0;200.0;600.0
A10;Meghan markle;Melody Drive;Bus;2.0;100.0;200.0
