<?xml version="1.0" encoding="UTF-8"?>
<sharedobjects>
  <connection>
    <name>Con1</name>
    <server/>
    <type>ORACLE</type>
    <access>ConnStr</access>
    <database/>
    <port>1521</port>
    <username>postgres</username>
    <password>Encrypted 2be98afc86aa7f2e4cb79ce108fc0fc8e</password>
    <servername/>
    <data_tablespace/>
    <index_tablespace/>
    <connection_string>jdbc&#x3a;postgresql&#x3a;&#x2f;&#x2f;localhost&#x3a;5432&#x2f;project</connection_string>
    <attributes>
      <attribute><code>FORCE_IDENTIFIERS_TO_LOWERCASE</code><attribute>N</attribute></attribute>
      <attribute><code>FORCE_IDENTIFIERS_TO_UPPERCASE</code><attribute>N</attribute></attribute>
      <attribute><code>IS_CLUSTERED</code><attribute>N</attribute></attribute>
      <attribute><code>PORT_NUMBER</code><attribute>1521</attribute></attribute>
      <attribute><code>PRESERVE_RESERVED_WORD_CASE</code><attribute>Y</attribute></attribute>
      <attribute><code>QUOTE_ALL_FIELDS</code><attribute>N</attribute></attribute>
      <attribute><code>SUPPORTS_BOOLEAN_DATA_TYPE</code><attribute>Y</attribute></attribute>
      <attribute><code>SUPPORTS_TIMESTAMP_DATA_TYPE</code><attribute>Y</attribute></attribute>
      <attribute><code>USE_POOLING</code><attribute>N</attribute></attribute>
    </attributes>
  </connection>
</sharedobjects>
